cpanel/
admin.php
admin/
administrador/
webadmin/
admininarea/
bb-admin/
adminLogin/
admin_area/
painel-administração/
instadmin/
memberadmin/
administradorlogin/
adm/
admin/account.php
admin/index.php
admin/login.php
admin/ admin.php
admin/account.php
joomla/administrator
login.php admin_area/admin.php
admin_area/login.php
siteadmin/login.php
siteadmin/index.php
siteadmin/login.html
admin/account.html
admin/index.html
admin /login.html
admin/admin.html
admin_area/index.php
bb-admin/index.php
bb-admin/login.php
bb-admin/admin.php
admin/home.php
admin_area/login.html
admin_area/index.html
admin/controlpanel.php
admincp/index. asp
admincp/login.asp
admincp/index.html
admin/account.html
adminpanel.html
webadmin.html
webadmin/index.html
webadmin/admin.html
webadmin/login.html
admin/admin_login.html
admin_login.html
painel-administração/login .html
admin/cp.php cp.php
administrador/index.php
administrador/login.php
nsw/admin/login.php
webadmin/login.php
admin/admin_login.php
admin_login.php
administrador/account.php
administrador.php
admin_area/admin.html
páginas/admin/admin-login.php
admin/admin-login.php
admin-login.php
bb-admin/index.html
bb -admin/login.html
bb-admin/admin.html
admin/home.html
modelsearch/login.php
moderator.php moderator/login.php
moderator/admin.php
account.php
pages/admin/admin-login.html
admin/ admin-login.html
admin-login.html
controlpanel.php
admincontrol.php
admin/adminLogin.html
adminLogin.html
admin/adminLogin.html
home.html
rcjakar/admin/login.php
admin/index.html
admininarea/admin.html
webadmin.php
webadmin/index.php
webadmin/admin.php
admin/controlpanel.html
admin.html
admin/cp.html
cp.html
adminpanel.php
moderador .html
administrador/index.html
administrador/login.html
user.html
administrador/account.html
administrador.html
login.html
modelsearch/login.html
moderador/login.html
admininarea/login.html
painel-administração/index.html
painel- administração/admin.html
modelsearch/index.html
modelsearch/admin.html
admincontrol/login.html
adm/index.html adm.html
moderador/admin.html user.php
account.html
controlpanel.html
admincontrol.html
painel-administracion/login.php
wp-login.php
adminLogin.php
admin/adminLogin.php
home.php
admininarea/ index.php
admininarea/admin.php
admin.php
panel-administracion/index.php
panel-administracion/admin.php
modelsearch/index.php
modelsearch/admin.php
admincontrol/login.php
adm/admloginuser.php
admloginuser.php admin2.php
admin2/login.php
admin2/index.php
adm/index.php adm.php
afiliado.php
adm_auth.php
memberadmin.php
administradorlogin.php
cms/
beheer/
webmaster/
web-master/
web-beheerder/
webbeheerder/
bestuur/
intranet/
intronet/
staff/
staff/index.php
staff/login.php
staff/members.php
staff/member.php
personeel/
personeel/login.php
personeel/index.php
conta/index.php
conta/
gerente/index.php gerente/
gerenciar/
gerenciar/index.php
controlemanager/
admin1.php
admin1.html
admin2.php
admin2.html
yonetim.php
yonetim.html
yonetici.php
yonetici.html
adm/
admin/
admin/account.php
admin/account.html
admin
/index.php admin/index.html
admin/login.php
admin/login.
html admin/home.php
admin/controlpanel.html
admin/controlpanel.php
admin.php
admin.html
admin/cp.php
admin/cp.html
cp.php
cp.html
administrador/
administrador/index.html
administrador/index.php
administrador/login.html
administrador/login.php
administrador/conta.html
administrador/conta.php
administrador.php
administrador.html
login.php
login.html
modelsearch/login.php
moderador.php
moderador.html
moderador/login.php
moderador/login.html
moderador/admin.php
moderador/admin.html
moderador/
account.php
account.html
controlpanel/
controlpanel.php
controlpanel.html
admincontrol.php
admincontrol.html
adminpanel.php
adminpanel.html
admin1.asp
admin2.asp
yonetim.asp
yonetici.asp
admin/account.asp
admin/index.asp
admin/login.asp
admin/home.asp
admin/controlpanel.asp
admin.asp
admin /cp.asp
cp.asp
administrador/index.asp
administrador/login.asp
administrador/account.asp
administrador.asp
login.asp modelsearch/login.asp
moderador.asp moderador/login.asp
moderador/admin.asp conta.asp
controlpanel.asp admincontrol.
asp adminpanel.asp
fileadmin/
fileadmin.php
fileadmin.asp
fileadmin.html
administração/
administração.php
administração.html
sysadmin.php
sysadmin.html
phpmyadmin/
myadmin/
sysadmin.asp
sysadmin/
ur-admin.asp
ur-admin.php
ur- admin.html
ur-admin/
Servidor.php
Servidor.html
Servidor.asp
Servidor/
wp-admin/
admin8.php
administr8.html
administr8/
administr8.asp
webadmin/
webadmin.php
webadmin.asp
webadmin.html
administratie/
admins/
admins.php
admins.asp
admins.html
administrivia/
Database_Administration/
WebAdmin/
useradmin/
sysadmins/
admin1/
administração-do-sistema/
administradores/
pgadmin/
directadmin/
staradmin/
ServerAdministrator/
SysAdmin/
administrar/
LiveUser_Admin/
sys-admin/
typo3/
painel/
cpanel/
cpanel_file/
platz_login/
rcLogin/
blogindex/
formslogin/
autologin/
support_login/
meta_login/
manuallogin/
simpleLogin/
loginflat/
utility_login/
showlogin/
memlogin/
membros/
login-redirect/
sub-login/
wp-login/
login1/
dir- login/
login_db/
xlogin/
smblogin/
customer_login/
UserLogin/
login-us/
acct_login/
admin_area/
bigadmin/
project-admins/
phppgadmin/
pureadmin/
sql-admin/
radmind/
openvpnadmin/
wizmysqladmin/
vadmind/
ezsqliteadmin/
hpwebjetadmin/
newsadmin/
adminpro/
Lotus_Domino_Admin/
bbadmin/
vmailadmin/
Indy_admin/
ccp14admin/
irc-macadmin/
banneradmin/
sshadmin/
phpldapadmin/
macadmin/
administradoraccounts/
admin4_account/
admin4_colon/
radmind-1/
Super- Admin/
AdminTools/
cmsadmin/
SysAdmin2/
Globes_admin/
cadmins/
phpSQLiteAdmin/
navSiteAdmin/
server_admin_small/
logo_sysadmin/
server/
administração de banco de dados/
power_user/
system_administration/
ss_vms_admin_sm/ adm
admincp
admcp
cp
modcp
moderador
adminare
admins
cpanel
controlpanel
admin1.php
admin1.html
admin2.php
admin2.html
yonetim.php
yonetim.html
yonetici.php
yonetici.html
ccms/
ccms/login.php
ccms 
index.php
manutenção/
webmaster/
adm/
configuração/
configurar/
websvn/
admin/
admin/account.php
admin/account.html
admin/index.php
admin/index.html
admin/login.php
admin/login.html
admin/home.php
admin/controlpanel.html
admin/controlpanel.php
admin.php
admin.html
admin/cp.php
admin/cp.html
cp.php
cp .html
administrador/
administrador/index.html
administrador/index.php
administrador/login.html
administrador/login.php
administrador
account.html
administrador/account.php
administrador.php
administrador.html
login.php
login.html
modelsearch/login. php
moderador.php
moderador.html
moderador/login.php
moderador/login.html
moderador/admin.php
moderador/admin.html
moderador/
account.php
account.html
controlpanel/
controlpanel.php
controlpanel.html
admincontrol.php
admincontrol.html
adminpanel.php
adminpanel.html
admin1.asp
admin2.asp
yonetim.asp
yonetici.asp
admin/account.asp
admin/index.asp
admin/login.asp
admin/home.asp
admin/controlpanel.asp
admin.asp
admin/cp.asp
cp.asp
administrador/index.asp
administrador/login.asp
administrador/conta.
administrador asp.asp
login.asp
modelsearch/login.asp
moderador.asp
moderador/login.asp
moderador/admin.asp
conta.asp
controlpanel.asp
admincontrol.asp
adminpanel.asp
fileadmin/
fileadmin.php
fileadmin.asp
fileadmin.html
administração/
administração.php
administração.html
sysadmin .php
sysadmin.html
phpmyadmin/
myadmin/
sysadmin.asp
sysadmin/
ur-admin.asp
ur-admin.php
ur-admin.html
ur-admin/
Server.php
Server.html
Server.asp
Server/
wp-admin/
administr8. php
administr8.html
administr8/
administr8.asp
webadmin/
webadmin.php
webadmin.asp
webadmin.html
administratie/
admins/
admins.php
admins.asp
admins.html
administrivia/
Database_Administration/
WebAdmin/
useradmin/
sysadmins/
admin1/
administração do sistema/
administradores/
pgadmin/
directadmin/
staradmin/
ServerAdministrator/
SysAdmin/
administrar/
LiveUser_Admin/
sys-admin/
typo3/
painel/
cpanel/
cPanel/
cpanel_file/
platz_login/
rcLogin/
blogindex/
formslogin/
autologin/
support_login/
meta_login/
manuallogin/
simpleLogin/
loginflat/
utility_login/
showlogin/
memlogin/
membros/
login-redirect/
sub-login/
wp-login/
login1/
dir-login/
login_db/
xlogin/
smblogin/
customer_login/
UserLogin/
login-us/
acct_login/
admin_area/
bigadmin/
project-admins/
phppgadmin/
pureadmin/
sql-admin/
radmind/
openvpnadmin/
wizmysqladmin/
vadmind/
ezsqliteadmin/
hpwebjetadmin/
newsadmin/
adminpro/
Lotus_Domino_Admin/
bbadmin/
vmailadmin/
Indy_admin/
ccp14admin/
irc-macadmin/
banneradmin/
sshadmin/
phpldapadmin/
macadmin/
administradoraccounts/
admin4_account/
admin4_colon/
radmind-1/
Super-Admin/
AdminTools/
cmsadmin/
phpSQLiteAdmin/
navSiteAdmin/
server_admin_small/
logo_sysadmin/
server/
database_administration/
power_user/
system_administration/
ss_vms_admin_sm/
adminrea/
bb-admin/
adminLogin/
painel-administração/
instadmin/
memberadmin/
administradorlogin/
admin/admin.php
admin_area/admin.php
admin_area/login.php
siteadmin/login.php
siteadmin/index.php
siteadmin /login.html
admin/admin.html
admin_area/index.php
bb-admin/index.php
bb-admin/login.php
bb-admin/admin.php
admin_area/login.html
admin_area/index.html
admincp/index.asp
admincp/login.asp
admincp/index.html
webadmin/index.html
webadmin/admin.html
webadmin/login.html
admin/admin_login.html
admin_login.html
painel-administracion/login.html
nsw/admin/login.php
webadmin/login.php
admin/admin_login.php
admin_login.php
admin_area/admin.html
páginas/admin/admin-login.php
home.html
rcjakar/admin/login.php
admininarea/index.html
admin.html
webadmin/index.php
webadmin/admin.php
user.html
modelsearch/login.html
admininarea/login.html
painel-administração/index.html
painel-administração/admin.html
modelsearch/index.html
modelsearch/admin .html
admincontrol/login.html
adm/index.html
adm.html
user.php
painel-administracion/login.php
wp-login.php
adminLogin.php
admin/adminLogin.php
home.php
admininarea/index.php
admininarea/admin. php
admininarea/login.php
painel-administração/index.php
painel-administração/admin.php
modelsearch/index.php
modelsearch/admin.php
admincontrol/login.php
adm/admloginuser.php
admloginuser.php
admin2/login.php
admin2/index.php
adm/index.php
adm.php
afiliado.php
adm_auth.php
memberadmin.php
administradorlogin.php
admin/ admin.asp
admin_area/admin.asp
admin_area/login.asp
admin_area/index.asp
bb-admin/index.asp
bb-admin/login.asp
bb-admin/admin.asp
pages/admin/admin-login.asp
admin/ admin-login.asp
admin-login.asp
user.asp
admin/admin-login.php
admin-login.php
bb-admin/index.html
bb-admin/login.html
bb-admin/admin.html
admin/home.html
páginas/admin 
admin-login.html
área_administrativa/admin.
admin_area/login.
gerente/
gerente.
deixe-me /
deixe-me.
superusuário/
superusuário.
acesso/
acesso.
sysadm/
sysadm.
super-homem/
supervisor/
painel.
controle/
controle.
membro/
membro.
membros.
usuário/
usuário.
cp/
uvpanel/
gerenciar/
gerenciar.
gestão/
gestão.
entrar /
entrar.
login/
login.
log_in/
log_in.
entrar/
entrar.
entrar/
entrar.
usuários/
usuários.
contas/
contas.
bb-admin/login.
bb-admin/admin.
administrador/conta.
relogin.htm verificação
relogin.html
blog/wp-login
seu-administrador.
Servidor.
administrativo8.
administradores.
adm.
admin_login.
painel-administração/login.
páginas/admin/admin-login.
páginas/admin/
acesso.
admincp/login.
admincp/
admincontrol/
afiliado
adm_auth
membroadmin
login do administrador
módulos/admin/
administradores
administrador do site/
administrador do site
adminsite/
kpanel/
vorod/
vorod
vorud /
vorud
adminpanel/
PSUser/
seguro/
webmaster
login automático
login de usuário
área_administrativa
cmsadmin
segurança/
usr/
root/
segredo/
admin/login.
admin/adminLogin
moderador/login
moderador/administrador
0admin/
0manager/
aadmin/
cgi-bin/login
login1
login_admin/
login_admin
login_out/
login_out
login_user
loginok/
loginsave/
loginsuper/
loginsuper
login
logout/ login.htm
login.html
login/
adm/
admin/
admin/account.html
admin/ login.html
admin/login.htm
admin/controlpanel.html
admin/controlpanel.htm
admin/adminLogin.html
admin/adminLogin.htm
admin.htm
admin.html
adminitem/
adminitems/
administrador/
administração/
adminLogin/
admin_area/
manager/
letmein/
superusuário/
access/
sysadm/
superman/
supervisor/
controle/
membro/
membros/
usuário/
cp/
uvpanel/
gerenciar/
gerenciamento/
signin/
log-in/
log_in/
sign_in/
sign-in/
usuários/
contas/
wp-login.php
bb-admin/admin.html
relogin.htm
relogin.html
registro/
moderador/
painel de controle/
fileadmin/
admin1.html
admin1.htm
admin2.html
yonetim.html
yonetici.html
phpmyadmin/
myadmin/
ur-admin/
Server/
wp-admin/
administr8/
webadmin/
administratie/
admins /
administrivia/
Database_Administration/
useradmin/
sysadmins/
admin1/
system-administration/
administradores/
pgadmin/
directadmin/
staradmin/
ServerAdministrator/
SysAdmin/
administrar/
LiveUser_Admin/
sys-admin/
typo3/
painel/ cpanel
cpanel_file/
platz_login/
rcLogin/
blogindex/
formslogin/
autologin/
support_login
meta_login
 manuallogin/
simpleLogin/
loginflat/
utility_login/
showlogin/
memlogin/
login-redirect/
sub-login/
wp-login/
login1/
dir-login/
login_db/
xlogin/
smblogin/
customer_login/
UserLogin/
login-us/
acct_login/
bigadmin/
project-admins/
phppgadmin/
pureadmin/
sql-admin/
radmind/
openvpnadmin/
wizmysqladmin/
vadmind/
ezsqliteadmin/
hpwebjetadmin/
newsadmin/
adminpro/
Lotus_Domino_Admin/
bbadmin/
vmailadmin/
Indy_admin/
ccp14admin/
irc-macadmin/
banneradmin/
sshadmin/
phpldapadmin/
macadmin/
administradoraccounts/
admin4_account/
admin4_colon/
radmind-1/
Super-Admin/
AdminTools/
cmsadmin/
SysAdmin2/
Globes_admin/
cadmins/
phpSQLiteAdmin/
navSiteAdmin/
server_admin_small/
logo_sysadmin/
power_user/
system_administration/
ss_vms_admin_sm/
panel-administracion/
instadmin/
memberadmin/
administradorlogin/
pages/admin/
admincp/
admininarea/
admincontrol/
module/admin/
siteadmin/
adminsite/
kpanel/
vorod/
vorud/
adminpanel/
PSUser/
secure/
webmaster/
security/
usr/
root/
secret/
moderator.php
moderator.html
0admin/
0manager/
aadmin/
login_admin/
login_out/
loginerror/
loginok/
loginsave/
loginsuper/
logout/
secrets/
super1/
supervisionar/
admin/addproduct.asp
admin/user.asp admin
/addpage.php
admin/gallery.asp
admin/image.asp
admin/adminuser.asp
admin/productadd.asp
admin/addadmin.asp
admin/add_admin.asp
admin /add_admin.php
admin/addnews.asp
admin/addpost
admin/addforum
admin/addgame
/admin_area.php
admin/product_add.php
admin/additem.php
admin/addstore.php
admin/add_Products
admin /showbook
admin/selectitem
admin/addfile
admin/addarticle.asp
admin/addfile.asp
admin/upload.php
admin/upload.asp
admin/addstory.php
admin/addshow.php
admin/addmember.asp
admin/
addinfo.asp admin/addcat.asp
admin/cp.asp
admin/productshow.asp
admin/addjob.asp
admin/addjob
admin/ addpic
admin/viewproduct
admin/addaccount.php
admin/manage.php
admin/addcontact
admin/viewmanager
admin/addschool
admin/addproject
admin/addsale
admin/addcompany
admin/payment
user/emp
admin/addmovie
admin/addpassword
admin/addemployee
admin/addcat
admin/admin
admin/admincp
admin/configurações
admin/addstate
admin/addcountry
admin/addmedia
admin/addcode
admin/addlinks
admin/addcity
admin1.php
admin1.html
admin2.php
admin2.html
yonetim.php
